compositeHourlyWages,age,yearsEducation,sex1M0F
21.38,58,10,1
25.15,42,16,1
8.57,31,12,0
12.07,43,13,0
10.97,46,12,0
22.07,31,19,0
23.91,26,12,1
5.5,19,13,0
7.2,18,11,1
14.83,51,10,1
9.4,19,11,0
15.36,43,14,1
9.37,62,11,1
29.62,42,17,0
14.5,31,13,0
6.94,19,14,1
7.1,35,13,0
17.08,30,12,1
23.57,44,12,1
17.81,34,13,1
12.07,25,17,1
3.13,60,20,1
11.09,54,10,1
9.6,52,9,0
45.38,36,18,1
17.98,53,12,0
13.24,42,10,0
31.2,57,20,1
6.7,27,11,0
14.85,30,10,1
17,42,10,0
14.28,48,13,0
8.39,24,17,0
18.72,48,17,1
14,27,10,1
20.5,52,16,0
12.45,34,14,0
16.86,32,13,1
15,26,17,1
11.67,55,10,0
6.31,28,11,1
7,18,15,0
16.96,39,12,0
44.25,20,14,0
38.4,42,15,0
7.5,44,11,0
10.71,21,14,1
7.4,19,12,1
23.26,36,20,0
21,24,18,0
7.7,21,16,1
7.5,26,18,1
20.4,31,13,1
10,53,14,0
34.8,42,16,1
14.52,30,15,0
23.04,43,14,1
9.65,40,14,0
15.78,37,13,0
14.61,51,10,1
6.96,21,12,0
33.6,41,13,1
45.5,55,8,1
13.65,32,12,0
24,38,15,0
16.8,40,15,1
8.36,32,10,1
8.79,45,4,0
7.3,20,13,0
3.12,24,17,1
10,50,9,0
16.97,30,13,0
21.1,30,15,0
15.84,32,14,0
20,47,16,1
14.07,56,12,0
8.89,21,16,1
6.65,51,12,0
23.68,39,13,0
12.85,27,14,0
46.15,18,11,1
21.16,30,18,1
13,49,13,1
8,37,8,0
20,48,13,1
23.2,35,20,0
7.72,18,13,0
11.18,64,0,1
8.48,21,12,1
34.56,46,12,1
10.47,29,11,1
15.66,45,17,0
23.05,51,10,1
9.59,32,16,1
20,29,20,0
6.95,20,14,1
12.76,31,12,0
13.44,36,14,0
37.76,50,15,1
15,36,13,1
16.3,29,16,0
4.94,59,13,1
6.7,20,14,0
24.14,49,10,1
17.44,37,8,0
7,34,12,0
16.5,47,18,1
19.83,44,9,1
19.2,30,12,0
21.39,39,16,1
13.5,50,10,1
25.98,47,15,0
6.42,43,12,0
19.2,57,13,1
8.5,24,14,0
23.04,29,16,1
12,43,10,0
6.7,19,14,1
32.16,48,13,1
10,26,11,1
16.1,29,13,1
12.22,26,11,1
24.92,39,12,1
23.04,49,17,0
17.67,42,13,0
7.61,41,11,0
18.61,49,12,0
10.26,31,13,0
15.31,32,15,0
12.55,35,12,0
19.19,64,13,0
7.15,17,11,1
8,28,14,0
27.12,25,15,0
13.52,31,12,1
9.38,34,10,1
6.7,38,8,0
8,37,12,0
21.03,41,11,1
12.88,48,12,0
3.63,19,13,1
10.83,29,18,1
20.16,51,1,1
7.25,17,11,1
23.35,44,20,1
7.03,18,12,0
36.11,35,17,1
19,31,18,1
23,27,17,1
18.92,45,14,1
16.8,36,16,0
17.87,25,17,0
6.67,20,13,0
10,64,11,0
15.84,64,13,1
11,28,16,1
24,60,17,0
9.5,58,12,0
12.81,41,10,1
42.88,41,20,0
8.5,50,13,0
12.5,35,17,0
12.48,39,11,0
21.68,56,13,1
30.1,47,13,1
15.6,37,13,1
12.81,54,12,0
28.35,44,12,1
16.62,32,9,0
10,43,14,0
14.62,28,13,1
19.2,49,10,1
7.45,42,10,1
24.32,35,20,1
16.15,34,17,0
14.97,53,13,1
18.92,41,20,1
6.46,28,15,0
6,20,15,0
14.34,23,12,0
10,30,20,0
13.75,57,8,1
23.48,44,16,0
19.6,53,11,1
13.73,39,11,0
3,17,12,1
7,59,13,0
8.76,23,18,1
9.25,55,8,0
29.98,44,17,0
12.37,25,13,0
5.17,34,17,0
7.66,23,17,0
6.7,23,16,0
16.59,44,16,1
10,46,14,0
15.44,31,13,0
16.3,26,12,1
16.28,29,14,0
9.13,19,15,1
20,56,11,1
8,46,11,0
12.64,34,10,0
21.82,38,12,1
20.1,32,17,0
12,29,8,1
26.38,60,8,1
17.22,28,15,1
18.81,40,13,1
15.72,43,16,0
41.38,44,11,1
19,34,12,1
12.2,34,13,1
12,24,13,0
6.34,21,14,0
9.06,18,12,0
15.5,26,14,1
6.63,47,12,0
22.08,45,20,1
10,38,16,0
19.2,43,18,1
5,58,11,0
13.63,25,13,0
13.31,34,13,0
6.71,29,12,0
8.86,29,12,1
10,46,9,0
6.72,59,12,0
16.5,51,12,1
16.9,53,10,0
33.28,39,15,0
8.32,32,14,0
15,34,12,1
22.53,37,15,1
14.89,35,12,0
7,26,12,1
8.23,22,15,1
22.27,38,20,0
17,37,12,1
19.18,47,11,0
14.63,23,14,0
8.5,41,10,0
14.4,55,9,0
14,25,16,0
13.05,64,9,0
25,62,13,0
14.85,39,12,1
15.87,29,12,0
12,34,12,1
6.85,62,8,0
21.6,33,11,1
18.24,55,16,0
15,32,13,1
14.26,31,12,0
19.18,30,18,1
10.29,18,13,0
32.64,33,12,1
10,40,13,1
6.5,16,10,1
11.26,55,12,0
15.07,65,5,1
16.26,32,14,0
30.82,54,16,0
7,19,14,0
22.32,47,13,1
12.87,34,12,0
12.51,35,14,0
23.14,43,13,1
18.56,53,18,0
19.62,36,12,0
6.52,27,17,0
16.7,59,19,0
11.44,20,12,1
3.62,57,13,1
14.8,37,13,0
12,47,12,0
33.12,53,20,1
15.83,25,17,1
7,23,12,1
17.76,44,14,0
19.26,39,13,1
6.45,16,10,1
8,61,12,1
7,50,12,0
12.9,23,17,1
15.36,44,18,0
44.28,59,15,1
14.98,30,12,1
7.5,18,12,0
16.61,43,16,1
16.4,55,13,0
19.68,32,11,0
26.58,35,13,1
18.24,26,16,1
14,34,17,0
7.05,19,10,0
9,35,12,1
28.32,38,17,1
7,18,12,1
12.4,24,16,0
18.29,28,14,1
12,53,11,0
27.84,50,18,0
3.43,31,12,1
31.2,44,17,0
14.3,52,9,1
22.4,35,12,1
11.36,32,9,1
7.6,27,11,1
17,34,11,1
23.25,27,12,1
7.5,34,12,0
13.61,36,12,1
10.24,63,10,0
14,52,8,1
7,18,11,1
6.73,16,10,0
9.05,33,11,0
4.84,34,10,0
6.7,19,13,1
33.6,36,16,1
10.11,37,12,0
15.36,47,20,0
10,54,8,1
23.52,32,13,1
7.75,37,13,1
17.92,48,12,0
6.85,21,14,1
17.06,45,10,0
13.42,37,15,1
19.65,33,12,0
16.83,46,16,1
25,34,17,0
6.7,17,9,0
10.07,20,13,0
6.76,55,11,0
6.25,53,12,0
11.29,31,13,1
13.99,24,14,0
17.63,29,14,0
6.7,55,10,0
8.55,38,11,0
5.64,20,13,1
20,43,12,1
23.04,39,11,0
9.79,23,14,0
12.5,24,15,0
16,46,16,0
9.17,63,9,1
19.5,45,16,0
17.23,52,12,0
8.65,20,13,1
7.69,21,13,1
29.76,41,15,1
11.5,27,13,1
14.75,32,12,0
19.28,49,10,1
6.85,42,10,0
11.93,30,12,0
14,27,8,1
31.2,57,14,0
15,32,15,0
10,26,19,1
25,30,13,0
22.23,57,8,1
6.72,22,10,1
13,39,12,0
15,39,17,1
23.59,36,15,0
6.74,19,13,1
7,35,8,0
26.85,37,16,0
12.85,33,12,1
11,25,15,0
9,42,12,0
11.92,22,14,1
22,47,10,1
22.53,28,12,0
12.8,64,11,0
16,42,9,0
8.34,23,13,1
7.49,19,11,0
9.86,23,14,1
10,48,10,0
6.75,17,11,0
29.18,57,16,0
16.96,54,6,0
42.93,64,20,1
17.5,31,12,1
6,32,17,0
11.5,60,5,1
25.95,51,16,0
23.77,65,9,1
7.56,40,14,0
9,27,8,1
20.95,42,13,1
12.8,58,11,0
15.81,51,9,1
4.88,20,12,1
6.12,16,9,0
13.92,56,12,0
7.5,32,12,0
13.62,54,14,1
33.6,44,13,1
32.03,41,15,0
15.26,44,12,0
19.93,48,15,1
21.15,41,12,1
8,60,11,0
20,42,9,1
16.32,56,9,1
27.27,40,14,1
16.8,37,14,1
20.45,58,17,1
21.94,30,17,0
15.23,45,10,1
13.95,49,12,0
14,36,12,1
6.7,18,12,0
7.36,36,12,0
9.02,21,15,0
12.55,43,10,1
13.1,27,19,1
28.04,43,10,1
20.16,27,12,0
15.75,34,20,1
6.2,16,10,0
22.98,29,14,1
19.2,33,12,1
15.36,58,12,0
22.33,30,11,1
15.8,30,6,1
10.81,49,0,1
14.85,48,12,0
15.36,47,12,0
17.67,43,12,1
8.81,40,14,1
17,35,8,1
14.65,42,13,0
30.1,46,16,0
5.75,17,12,0
6.71,20,11,1
19.07,44,13,1
10,24,17,1
21.34,39,15,0
38.4,49,17,1
8.92,42,12,1
6.7,18,13,1
4.25,17,12,1
18.33,37,20,1
33.59,46,17,1
12.73,57,8,0
25.26,56,13,1
14.03,53,14,1
7,18,12,1
10.21,21,14,0
12,52,9,1
15.32,62,7,1
7,26,13,0
10.84,22,16,1
13.78,56,10,0
11.3,43,12,0
13.59,42,13,0
7,18,12,0
36.7,32,16,0
16.97,35,14,0
14.33,39,11,0
15.95,54,13,1
23.52,29,17,1
8,37,13,0
22.38,46,11,1
10.36,25,16,0
12.53,26,12,1
24,32,13,1
8.5,31,13,0
10.25,23,12,0
19,28,13,1
6.7,42,13,0
15.48,37,16,1
7.65,53,12,0
12.8,55,17,0
7.52,19,11,1
41.85,53,20,1
6.7,18,12,1
16.51,52,4,1
12.5,49,10,0
19.2,28,14,1
9.65,37,13,0
18.11,30,13,0
7.63,37,12,1
14.36,53,10,0
12.09,30,19,0
8.83,64,10,0
9.3,44,13,0
16,37,13,0
16,38,12,0
13.23,58,10,1
16.32,54,13,0
23.04,52,12,1
8.71,34,11,0
21.04,37,12,0
6.8,26,15,1
20.29,39,20,0
14.5,36,12,0
12.07,55,13,0
9,19,12,1
23.47,36,13,1
16.4,30,15,1
25.44,39,12,1
33.6,40,16,1
10.51,46,12,0
12.11,21,15,1
20,36,14,1
12,61,13,0
8.98,31,14,0
15,42,10,1
23.04,24,12,0
9.6,54,8,0
8.57,37,15,1
19.2,56,7,1
10,37,13,1
15.99,64,15,1
16.46,32,12,0
24.84,32,9,1
25.6,52,16,0
20.48,38,11,0
6.7,61,10,0
12.21,30,11,1
9.06,21,13,1
26.4,48,17,0
12,36,14,0
29.33,40,18,0
7,26,13,0
10.53,25,19,0
10.81,62,12,0
39,47,17,1
12.8,42,14,0
17.88,37,12,0
18.28,37,16,1
14.13,54,8,1
11.8,60,9,0
32.64,48,18,1
5.27,22,17,0
14.5,39,10,1
12.75,31,13,1
23,32,14,1
18.53,30,14,1
19.33,45,10,1
15.06,42,11,1
17.76,46,14,1
20.26,34,13,0
15.51,32,11,1
25.03,55,19,1
16.14,26,12,1
18.2,35,12,1
19.2,38,12,0
18.29,36,14,1
10.26,57,10,0
16,35,12,1
10,34,17,0
10.87,34,12,1
7.1,50,9,0
20.1,42,14,1
9.19,18,12,1
10.52,28,10,1
12,36,12,1
19,36,12,1
14.23,64,13,0
12,24,11,1
12,23,12,1
31.71,42,12,1
25.95,60,19,0
21.28,32,12,1
25.6,42,18,0
11.49,50,12,0
15.91,57,15,0
6.3,25,17,0
30,51,10,1
26.76,38,13,1
7.5,25,12,0
7.15,18,11,0
21.34,49,12,1
21.39,35,20,0
9,35,12,1
14.5,37,13,1
12,37,14,0
11.65,22,13,1
29.01,41,14,1
7.5,43,18,0
8.01,20,9,0
5.84,40,14,0
30.72,37,14,0
12.79,47,12,0
11.43,42,13,0
12,22,12,1
9.34,18,12,1
9.25,37,11,1
24,30,15,0
15.33,25,13,1
16.8,30,17,0
8,39,11,0
13.95,35,10,0
10,30,10,0
15.5,64,11,1
32.64,38,15,0
6.7,16,10,0
18.99,62,13,1
18.24,34,10,0
10,49,12,0
6.7,22,12,0
26.88,52,17,1
17.92,54,17,0
17.1,27,15,0
23.04,37,19,0
15.67,62,7,1
24.54,58,8,1
12,36,10,0
11.03,21,14,0
19.2,27,18,1
23.46,49,18,0
25.5,29,20,1
6.5,19,11,1
6.51,43,16,0
16.45,34,13,0
11,42,9,0
13.55,24,17,0
15.16,32,15,0
30.48,49,17,1
7.5,23,14,1
10.25,60,9,0
21.6,40,15,1
31.19,44,15,1
6.8,21,13,0
18.22,28,6,1
7.5,31,15,1
27.34,37,14,0
16.28,24,16,1
19.23,54,20,1
26.4,30,19,0
15,25,13,0
12,36,15,0
29.95,56,20,1
12.5,31,12,0
23.04,33,20,0
29.54,47,11,0
17,30,12,1
18.24,35,17,0
7.3,29,8,0
17.21,27,18,0
8.2,57,13,0
40.8,60,20,1
10.16,36,12,0
13.09,34,16,1
10.5,44,12,1
19.04,29,20,0
14.43,43,12,0
24.7,35,14,1
9.9,20,12,0
14.26,41,10,1
14,26,10,0
7.61,23,14,0
13.44,51,12,0
10,36,10,1
10.98,26,12,1
12.82,53,1,1
6.58,23,12,1
15.76,63,16,0
19.26,25,8,1
26.4,39,17,1
8.32,30,11,0
14.05,33,15,1
23.63,62,12,1
7.36,36,14,0
19.68,34,11,1
7.75,54,13,0
8.75,40,10,0
30.46,57,11,1
7,27,9,0
10.71,35,15,0
19.72,25,19,1
20.4,25,20,1
8.5,31,19,0
7.53,21,12,1
31.49,45,16,1
10.63,31,12,0
7.75,30,16,0
21.12,42,19,0
10,18,12,1
6.5,17,10,0
29.24,27,17,1
18.33,45,8,1
11.35,48,12,0
36.57,62,20,1
15,43,12,1
16.58,34,12,0
12,49,12,0
44.95,46,17,1
26.88,56,20,1
16.66,61,8,0
15.92,47,12,1
25.6,44,12,0
23.84,53,13,1
36.27,28,13,0
24,47,15,1
15.1,23,15,0
8.5,32,15,0
8,32,10,1
7,18,11,0
7.91,31,12,0
24.44,37,13,0
5.58,33,10,1
17,54,11,1
7.51,30,15,0
25,28,16,1
17.23,40,12,1
10.03,41,12,0
13.41,29,18,1
6.25,16,10,0
38.76,33,11,1
17.76,50,10,1
8.89,62,10,1
18.46,63,16,1
6.4,24,13,1
7,24,16,1
11.43,21,12,0
20,34,10,1
38.4,37,17,0
11.25,30,11,1
8,39,13,0
14.13,45,12,0
26.4,38,11,1
23.97,57,13,1
8.5,18,12,1
11.1,42,12,0
32.64,39,16,1
6.87,20,13,0
23.04,39,14,0
13.09,59,6,1
15.71,40,12,1
10.96,32,12,0
24.38,30,20,1
7,25,17,0
7,42,16,1
25.53,58,8,1
19.2,51,16,1
8.5,62,9,0
8,34,10,1
10,37,12,0
7.75,37,12,0
6.85,32,13,0
11.86,29,12,1
9.2,40,13,0
10.22,61,17,0
17.76,44,12,1
8.79,47,12,1
9.33,51,10,0
15.33,26,20,1
11,39,11,0
12,46,14,0
17.59,44,14,0
10.55,33,12,0
25,47,13,1
7.25,41,12,1
6.85,16,10,0
15.87,33,15,1
7.7,21,14,1
24.96,37,16,1
22.5,42,20,1
16,44,12,0
21.42,39,12,1
16.8,44,18,1
10.2,61,12,0
17.43,34,17,1
10.41,23,17,1
12.58,38,0,0
10,25,9,1
15.78,47,16,1
6.4,25,11,0
5.75,36,14,0
17.28,30,15,0
15.36,22,12,1
7,25,18,0
10.93,57,12,0
32.31,49,8,0
15.86,31,10,0
9.54,38,8,1
17.91,37,14,0
24.04,50,11,1
23.04,57,11,0
34.56,30,17,1
6.75,23,12,1
17.98,49,9,1
25,40,14,0
17.76,28,18,0
14.35,49,14,0
5,17,11,1
18.94,32,16,0
17.4,49,13,0
13.53,33,14,1
16.46,28,12,0
16.54,25,19,1
18,41,15,0
14.25,36,12,1
20.85,40,12,0
13.5,43,19,0
13.49,57,8,0
13,25,14,0
14.09,26,16,0
14.5,46,14,0
15.61,27,17,1
17.44,32,12,1
25.92,33,13,1
8,47,10,0
13.8,42,11,0
17.4,36,12,1
32.91,43,18,0
30.69,56,14,0
14,50,16,0
23.34,44,13,1
14.34,38,10,1
12.31,22,16,0
7.75,22,12,0
25.63,38,14,0
8.4,43,13,0
28.54,32,15,0
15,31,12,0
13.9,28,17,1
16.8,49,13,1
13.92,59,12,0
11.32,34,17,1
25.95,37,15,0
9.42,46,1,0
16.8,50,11,1
14.88,35,12,0
7.5,38,12,0
10.56,42,13,0
18,47,12,1
23.79,32,17,0
13.8,50,9,1
8,30,13,0
13.07,44,16,1
14.4,41,16,0
20.3,34,17,0
19.2,45,16,0
18.27,40,12,1
18.43,28,17,1
19.05,48,12,0
14.37,27,14,0
12.39,37,9,1
8,30,13,0
6.8,29,16,0
10.95,25,10,0
11.64,33,11,1
30.24,40,19,0
6.78,19,12,0
6.5,17,12,1
14.26,34,12,0
9,26,17,1
7.02,20,14,1
10,27,19,0
11,37,13,0
17.6,40,12,1
13.6,32,12,1
8.58,21,12,1
21.5,49,16,0
14.04,61,9,0
28.78,40,16,1
14.49,46,10,1
11,28,15,0
8.32,21,12,1
6.85,17,11,1
25.8,54,12,0
10.35,43,15,0
12.17,54,15,0
8.39,36,11,0
30,61,12,0
7.49,21,15,0
38.07,40,19,1
19.2,47,12,1
22.65,52,8,1
6.7,18,12,0
8,24,12,1
7.66,20,16,0
12,43,8,1
11.25,56,10,0
19.68,39,12,1
25.81,37,12,1
16,46,7,1
20.92,30,14,1
6.85,20,15,0
12.48,40,12,1
12,42,8,1
14.51,26,14,0
13.7,27,18,0
30,39,20,1
9.33,17,11,1
8,33,9,1
21,49,13,1
12.25,58,12,0
12.48,49,10,1
10.09,35,12,0
16.57,36,12,1
6.9,42,12,0
11.25,30,16,1
8.05,29,12,0
14.85,30,12,0
9,36,12,0
9.72,28,15,1
14.21,40,14,0
14.4,25,17,1
7,30,12,1
8.79,31,8,0
6.7,17,11,0
6.7,16,10,1
7.18,24,13,1
15.16,32,14,0
10.75,22,15,1
6.75,21,10,1
4.2,16,2,0
12.86,30,13,0
18,32,12,1
21.5,24,13,1
15,58,17,0
9.01,46,13,1
17.52,40,12,1
18,45,9,1
19.38,28,11,1
24.46,32,13,0
15.88,24,15,0
8.7,24,12,1
20.88,35,19,1
6.85,16,10,0
9.54,60,14,0
32.4,31,16,1
17.6,39,16,0
18.21,45,12,0
6.9,24,16,0
20.58,31,19,0
14.23,55,9,1
27.43,55,16,1
36.94,40,10,1
15.36,46,20,1
29.16,52,14,1
6.5,25,12,1
9.23,36,12,0
14,25,17,1
12.07,42,15,0
16.01,39,19,0
8.5,26,17,1
15,25,15,1
11.94,20,11,0
19.2,32,15,1
22.4,31,16,1
21,39,11,0
18,31,14,1
31.2,37,18,1
14.71,54,9,1
25,60,11,1
12.96,35,18,1
7.25,45,9,0
17.62,36,10,0
14.98,53,16,1
19.47,49,11,1
15.06,44,13,0
8.21,32,14,0
9,35,11,1
6,17,13,0
15.1,27,14,0
12,38,7,1
5.11,23,15,0
15.36,23,18,1
6.7,19,12,0
26.62,45,16,1
17,32,15,0
17.5,33,12,1
6.7,20,14,0
7.75,27,14,1
12.8,45,20,1
21.22,39,17,0
8.61,37,14,0
7.68,34,12,0
9.43,58,14,1
6.7,23,13,0
16.51,27,13,1
19.2,53,11,0
13.73,31,12,1
7.45,21,12,1
15.87,56,10,0
8,28,14,0
12.1,37,15,0
26.4,47,14,0
15.84,34,16,1
13.75,16,9,1
25,40,12,1
17.22,58,11,1
6.75,40,12,0
38.4,39,10,1
10.51,27,13,0
14.64,48,9,0
6.58,19,12,0
18.65,55,13,0
11.04,44,13,0
7,20,13,1
7,17,10,0
11.36,51,12,1
15.36,60,10,1
6.5,19,12,0
11.51,36,13,1
18.43,32,12,1
25,37,16,1
15,30,12,1
9,58,8,0
12.03,37,13,0
8.37,65,12,0
9.91,24,20,0
8.36,56,6,1
6.6,18,10,1
21.67,27,14,1
7.5,39,12,0
7.5,24,12,0
12.48,29,15,1
14.8,33,11,0
27.84,38,12,1
19.2,39,16,1
9,23,14,1
15.77,32,12,1
20.76,44,18,0
7,28,10,1
16.81,61,12,0
13.5,38,10,1
16,49,14,1
6.7,61,12,0
6.75,24,15,1
17.07,32,14,0
7.15,24,15,0
24.19,54,17,1
10,18,13,1
14.93,28,19,1
15,26,16,0
15.77,33,12,1
28.8,49,17,1
21.6,63,7,1
21.12,36,12,0
8,46,13,0
7,23,14,1
9,30,9,1
12.13,31,11,1
32.59,50,16,0
6.53,45,10,0
14.4,54,11,0
17,48,12,0
3.18,35,20,1
13.33,28,12,1
8.5,64,8,1
15.36,39,12,0
25.44,46,16,0
21,40,10,0
13.07,42,19,1
19.94,31,12,0
14.85,36,15,0
21.6,48,11,1
16,51,13,1
17.86,35,13,1
16.46,44,10,0
10,37,14,0
8.13,51,10,0
24.48,53,18,1
20.28,31,20,0
23.33,39,12,0
6.7,19,11,1
11.96,48,10,0
21.53,45,12,1
25.14,43,16,1
16.9,42,12,0
14.02,48,9,1
6,20,15,0
6.25,45,17,0
12.73,57,9,0
9,28,13,0
12.83,45,17,0
4.98,21,15,0
18.92,32,15,1
5.8,21,16,1
10.2,29,13,0
27.84,41,17,0
27,40,20,0
9.16,28,13,0
26.85,31,12,0
6.61,29,16,1
10,40,10,1
9.44,47,11,1
18.32,44,17,0
10.5,24,13,1
15.87,53,12,0
14.4,39,8,1
23.84,36,12,0
15,32,13,0
10.51,42,13,0
12.96,25,16,0
18.93,42,12,0
20.6,30,20,0
9.71,29,17,0
7,17,11,1
21.43,32,15,1
13,35,12,0
9.35,24,17,1
9,21,1,1
21.88,38,12,0
15,31,14,0
28,44,14,1
7,20,13,0
10.32,46,8,0
16,39,14,0
20.53,48,8,0
6.51,19,12,1
19.75,43,17,1
22,36,18,0
7,33,9,0
7,23,13,1
9.5,20,11,1
18.02,27,17,0
10.46,31,17,1
14.97,23,15,1
13.07,52,15,1
19.91,47,13,0
6.25,18,12,1
9.25,33,8,0
18,48,12,1
19,53,14,0
10,50,12,0
25.6,60,13,1
8,33,14,1
30,63,12,1
6.65,20,14,0
11.64,44,18,0
9.58,17,11,0
29.87,60,20,1
6.7,18,12,1
30,37,16,1
22.02,42,15,0
13,26,12,1
25.7,35,16,0
19.2,37,12,0
23.56,35,13,0
23.09,48,12,0
7.66,24,15,0
7.88,26,14,0
19.2,39,13,0
10,33,12,1
10.26,32,9,0
6.7,21,15,0
17.59,61,9,1
15.36,25,18,1
12.8,27,10,0
6.76,18,13,0
20.3,32,12,0
9,42,12,1
12.56,24,15,1
9.6,54,10,0
11.87,36,13,0
16.1,36,12,0
7.5,21,12,0
9.6,30,14,0
16.46,58,12,0
8.5,27,17,1
6.5,42,12,0
3.24,23,14,1
10,45,11,1
12.75,42,11,1
24,51,10,0
6.66,31,15,0
18,47,11,1
21.55,34,12,1
6.42,19,13,0
15.89,42,14,1
7.92,20,13,0
25.44,40,16,1
12.42,32,17,1
23.76,25,13,1
11,38,11,1
13.57,43,11,1
6.7,22,10,0
8.5,32,12,0
7,41,20,1
26.02,44,15,0
6.35,20,12,1
10,45,10,0
26.33,31,16,0
12.66,50,12,1
26.35,36,14,0
11,36,10,0
24,39,16,0
8.75,20,11,1
7.25,34,9,0
7.25,43,0,0
4.8,34,10,1
31.74,49,17,0
14,53,13,0
23.04,44,20,0
20.64,37,18,0
23.5,25,16,1
12.24,65,8,1
11.43,26,10,0
7.99,24,16,0
9.32,49,13,0
7.84,22,14,1
6.79,35,12,0
11,33,10,1
29.62,33,13,1
15.7,25,15,1
7.97,26,10,0
15,44,12,1
28.8,55,12,1
22.54,36,15,1
10.18,37,15,0
13.92,31,14,1
15.36,29,19,1
8.57,20,13,1
11,34,10,0
11.75,21,12,0
31.6,31,14,0
13,43,12,0
13.71,33,11,0
13.02,37,13,0
6.5,19,12,0
13.66,31,15,0
16.48,53,13,1
15.57,52,12,0
45.36,24,15,1
7.2,19,14,1
27.69,38,11,1
11.6,40,12,1
23.04,34,18,0
13.5,24,12,1
28.32,44,14,1
7.25,38,17,0
6.51,18,12,0
6.9,20,12,1
12.94,33,17,1
8.2,19,14,1
18.03,38,15,1
34.91,36,17,1
20.16,56,20,1
14.88,44,8,1
11.06,54,11,0
19.2,47,15,1
15.94,35,13,0
15.16,32,17,1
13.5,25,11,1
12.19,24,12,0
15,53,4,1
5.6,29,12,0
19.2,30,16,0
6.7,22,17,1
14,53,10,1
8.9,20,12,0
7.54,38,12,0
6.9,16,10,0
10,34,12,0
7,22,18,1
20.61,40,12,1
12,45,14,1
13.64,41,12,1
16.3,42,15,1
15.59,39,12,0
7.2,20,12,1
21.39,38,16,1
19.8,41,17,1
14.03,32,14,0
15.57,39,12,0
22.11,31,17,0
34.67,35,17,0
8.34,24,17,0
7.25,25,14,0
13.4,22,17,0
15.36,38,12,0
7,18,12,0
6.5,57,11,0
11.26,40,12,0
17.84,33,14,1
10.46,24,14,0
14.11,31,10,0
25.6,32,13,1
28.53,36,17,0
20.94,28,16,1
10,27,9,1
21.98,34,20,0
15.36,36,12,1
18.22,23,15,0
34.56,46,17,1
17.62,39,12,1
9.5,22,13,0
16.93,38,17,0
19.15,50,13,1
7,32,13,0
8,25,11,1
41.28,59,20,1
12,27,15,0
11.95,51,10,1
3.59,21,13,0
24.4,45,18,1
14.37,58,1,1
25.93,27,18,0
27.73,52,17,0
30.31,43,17,1
10.45,28,14,0
9.83,26,16,0
17,37,15,1
7.55,20,11,1
10,48,13,0
8.65,20,13,1
20.99,48,15,1
21.49,44,12,1
28.8,45,12,1
10.78,40,12,0
17.28,32,15,0
15.89,42,13,0
26.48,33,13,0
19.2,34,12,1
8.92,25,19,1
19.97,56,13,0
14,43,15,0
18.65,28,12,1
14.06,19,12,0
23.04,43,15,1
12.69,34,10,0
15.84,55,13,0
31.77,35,17,1
35.66,52,17,1
18.5,58,8,1
17.28,36,15,1
13.81,50,8,0
24,44,16,1
20.34,32,13,1
18.24,56,10,1
31.68,54,17,1
16.82,28,12,1
26.65,47,17,1
32.35,41,12,1
19.05,33,17,0
15.5,50,12,0
16.8,36,12,1
7.49,36,12,0
13,26,20,0
10,37,13,0
6.31,61,11,0
12.14,41,12,0
17.45,40,17,0
13.31,36,13,0
6.7,43,12,0
9.6,25,10,1
8,22,15,0
10.08,37,13,0
17.41,29,16,0
7,47,13,0
16.42,39,7,1
24.84,33,15,1
19.83,49,13,0
19,33,14,1
6.7,21,16,0
8,20,12,1
15.36,25,17,0
15.49,33,9,1
16.4,59,13,0
10.14,33,13,1
12.19,19,13,1
6.8,48,13,0
9.54,33,12,1
8.12,53,0,0
7,54,12,0
12.61,25,12,1
40.96,54,10,1
18.02,40,10,1
17.92,39,13,0
17.1,29,13,1
22.19,55,12,1
10,36,15,1
7.92,21,14,0
25.93,42,15,0
12.72,24,16,0
20.11,39,14,0
18.63,36,11,1
16.3,27,12,1
10.26,32,10,1
13.09,49,16,0
18.74,29,16,0
16.69,32,12,1
28.74,54,17,1
12.95,54,4,1
10.48,27,14,1
15.49,33,14,0
19.17,49,17,1
10,25,16,1
18.07,27,15,1
6.7,18,11,0
24.65,52,13,0
5.75,21,14,0
15,52,11,1
19.37,51,10,1
37.6,43,16,0
28.67,35,19,1
20.16,41,13,1
15,48,11,0
8.17,42,12,0
9.33,33,12,0
11.52,35,15,0
12.67,45,12,0
13.12,31,12,1
5.64,21,12,1
17.57,27,18,1
13.76,24,10,1
6.5,20,15,0
15,40,12,1
28.8,43,10,1
7.68,24,15,0
10.6,44,12,0
15.5,24,14,0
22.08,53,13,1
11.86,46,9,1
39.84,58,18,0
21.57,34,11,1
5.8,21,15,0
9.65,53,12,0
11,19,13,1
18.02,45,14,1
25,40,16,0
20.99,47,14,1
16,38,13,1
9.7,60,11,0
17.9,38,9,1
6.87,19,13,0
4.29,42,13,0
14.35,46,6,1
9.58,19,13,1
9.14,41,17,0
15,53,6,1
7.5,52,10,0
12.61,32,13,1
8.06,18,13,0
13.1,55,9,0
11.71,25,16,1
7.19,19,11,0
30.27,41,17,1
9.18,20,12,1
6.75,20,13,0
33.39,46,16,0
20.84,34,17,1
30,24,17,0
25.6,34,14,1
12.77,36,12,0
20.35,52,12,0
11.5,41,12,1
6.75,21,15,0
14.49,53,16,0
23.04,35,12,0
23.04,46,14,1
22.03,41,16,1
7.58,47,12,0
14.5,37,13,1
23.42,20,13,0
26.78,36,17,0
21.33,48,10,1
43.2,51,20,1
18.19,57,10,0
16.96,42,0,0
11,41,10,0
9,60,9,1
18,25,14,1
5.98,22,14,0
21.6,33,12,1
7,31,16,0
20,48,12,1
9.61,23,10,0
6.7,59,13,1
23.07,44,17,0
19.72,34,15,0
17.88,38,16,0
17.72,32,12,0
9.49,20,13,1
17.5,43,12,0
17.18,34,11,1
10.2,47,10,0
10.34,48,9,0
13.73,55,10,1
17.4,33,15,1
15,45,10,1
6.54,17,12,1
29.76,51,12,1
21.94,56,20,0
26.88,42,17,0
14.81,29,15,1
20.16,39,12,1
8,23,15,0
9.1,25,15,0
3.75,17,11,1
10.96,36,13,0
14.28,46,13,0
16.32,45,14,0
24.98,40,13,1
11.61,40,13,0
10.08,43,12,0
8,43,14,0
14.63,59,13,0
15.97,24,11,0
22,41,15,1
17.81,42,14,0
12.62,45,12,0
49.44,55,20,1
15.1,47,10,1
9.32,23,12,0
17.5,16,11,1
6.77,19,14,0
8.89,18,12,0
8.23,45,13,0
11.76,32,17,0
6.35,17,12,1
11.5,29,11,0
6.7,22,0,0
13.25,37,12,1
27.39,48,17,1
24.94,38,16,0
16.96,26,12,0
7.23,35,11,0
19.2,27,18,1
18.9,24,19,1
9.5,25,17,0
6.35,16,9,1
13.67,30,12,1
24.06,40,17,1
12.77,31,12,1
25.2,32,19,0
8.32,25,18,0
5.87,34,11,1
14,34,7,1
24.44,43,13,1
20,33,13,1
21.95,26,18,1
12,21,12,0
19.25,58,10,0
8.31,32,12,0
47.36,44,16,0
18.24,28,10,1
14.4,38,14,0
9.6,17,10,0
5.75,51,12,1
15.92,34,20,0
12,41,13,0
34.9,30,15,0
10.93,35,13,0
30.72,36,20,1
7.84,19,12,0
3.84,44,12,1
6.7,29,14,0
7.16,21,13,1
7.34,65,11,0
7.25,53,12,0
10,23,16,1
15,44,10,1
20.79,34,12,0
25.58,42,17,0
7.56,24,13,0
7,19,12,0
27.93,37,12,1
19.61,31,13,0
12.54,31,7,1
6.5,19,15,0
15.56,48,13,0
27.59,33,19,1
12.15,46,13,0
16.2,48,16,1
8.8,35,12,0
23.93,45,16,1
24.92,54,19,0
11.18,52,14,0
10.69,41,10,1
26.4,38,12,1
26.4,40,15,0
15,51,17,1
14.21,32,12,1
27.14,35,12,1
6.25,20,14,0
19.2,35,18,0
14.26,57,12,0
12,57,8,1
12.5,35,11,1
15.53,38,12,0
16.58,37,15,1
32.64,53,9,1
22.5,35,18,1
15.36,28,14,1
21.01,31,20,0
8,23,13,1
6.71,20,14,0
12.17,25,13,1
11.58,28,14,1
15.36,26,12,1
24.36,45,12,1
6.92,22,17,0
16.5,42,12,1
26.99,36,10,1
35.11,61,14,0
10.75,18,12,1
17.16,42,13,0
8,25,13,1
16.67,48,12,1
7.62,18,12,0
20.31,37,14,1
21.43,62,12,0
28.32,47,20,1
20.48,42,13,1
19.92,30,13,1
13.4,46,12,0
8.87,51,14,1
14.07,32,9,1
14.37,29,12,0
23.75,47,14,1
6.99,48,13,0
11,25,11,1
14.81,23,13,1
9,33,7,0
11.11,26,12,1
29.53,44,17,0
9.22,20,12,0
23.45,27,17,1
22.27,40,17,1
38.4,45,19,0
13.2,27,13,1
18.92,31,14,1
23.04,43,13,1
6.7,17,12,1
8.5,57,13,0
32.16,43,12,1
26.97,35,11,1
26.18,48,20,0
23.42,43,12,1
11.45,23,12,1
7.75,35,17,0
15.17,43,20,0
12.48,31,12,0
8.23,21,15,0
6.97,30,12,1
17.4,47,10,0
13.04,33,12,0
28.79,35,14,0
24.48,46,12,1
24.17,44,9,1
6.48,20,12,0
24,39,12,1
15.52,28,13,1
6.7,18,13,0
23.57,58,12,1
19.2,57,11,1
26.24,34,12,1
13.71,63,12,0
12.59,50,10,1
19.18,32,12,1
18.94,54,19,1
14,23,14,1
22.47,30,14,1
15.45,55,16,0
13.88,33,12,0
17.99,56,12,1
13.44,24,12,1
18.21,57,16,0
14.95,54,10,1
7.3,25,14,0
14.75,49,16,0
30.72,51,20,1
20.16,48,16,1
18.43,30,20,0
5.86,25,11,0
11,20,14,1
14.8,42,15,1
20.16,36,12,0
9,32,12,1
18.24,29,13,0
9.04,26,8,0
25.8,37,10,1
15.51,37,12,1
11.52,24,12,0
13.92,54,12,0
12,29,20,1
29.15,32,17,1
9.61,22,15,1
5.83,35,12,0
14.4,62,11,1
13.45,44,10,0
14,29,12,0
8.7,29,10,0
15.85,33,11,1
16.47,34,12,0
28.8,44,20,1
14.15,53,11,0
8.6,29,9,1
20.64,38,15,1
5,16,10,0
10.4,62,13,0
27,32,17,0
6.42,20,14,0
10,29,15,1
8,40,14,0
15.39,28,15,0
20,51,10,1
12,23,17,1
26,33,18,1
18.57,45,15,1
27.14,30,18,0
11.25,60,12,1
17.28,31,10,0
16.66,47,15,0
10,23,18,1
8.65,19,13,1
9.24,21,15,0
14.27,50,12,0
19.61,30,16,0
13.99,37,12,0
21.66,28,13,1
11.5,24,10,1
8.37,22,11,0
6.55,25,12,0
8,22,12,0
7.5,20,12,1
14,37,13,0
8.26,32,10,0
31.15,64,15,1
19.02,38,12,1
7,19,10,1
7,16,10,1
13.31,31,13,1
6,18,12,1
17.91,24,12,1
12.67,33,12,1
24,38,17,0
11.04,27,17,1
14.4,47,15,0
15,28,17,1
26.4,33,14,1
5.28,21,15,0
17,31,12,0
9,31,13,0
12.86,32,14,0
7.5,29,12,0
11.19,21,11,1
41.14,46,18,0
28.36,39,15,1
8.5,22,14,1
8,22,11,0
7,48,12,0
10.97,39,14,0
6.7,23,10,1
5.92,22,14,0
12.03,33,14,0
15.6,27,14,1
7.25,20,12,0
6.7,18,13,0
23.04,38,20,1
9.5,24,9,0
20.19,25,16,0
13,26,17,0
35.84,47,20,0
27.36,41,19,1
7,20,14,0
10.79,28,12,0
23.98,52,12,1
23.04,50,13,0
6.86,18,12,1
21.6,51,17,0
7.5,51,6,0
17,41,10,1
11.5,24,13,1
6.74,18,11,0
18,35,14,0
9,25,16,1
7,18,14,1
12.48,36,12,0
18.95,27,17,1
14.4,30,14,0
13.17,46,11,0
26.18,38,17,0
11.5,37,9,0
17.99,43,11,0
30.65,50,14,1
7.04,17,11,0
11.43,19,9,0
18,31,12,0
9.5,62,3,0
15,35,15,1
7,50,13,0
7.2,23,17,0
25.92,47,17,1
3.41,22,16,0
23.31,50,16,0
7,18,11,1
6.85,18,11,1
14.85,39,12,0
16.25,34,14,1
10.2,28,12,0
23.04,42,16,0
12.57,47,20,0
16.64,35,14,0
6.65,18,11,0
8.57,33,12,1
24,32,14,1
27.43,57,13,1
12.55,60,8,1
16,38,9,1
6,18,11,1
21.25,42,12,1
10.24,51,12,0
8.6,53,9,0
18.64,29,17,1
16.24,48,20,1
10,26,12,1
10,23,14,1
6.14,19,10,0
11.89,27,17,0
25.34,29,16,1
6.76,29,13,0
10.38,56,12,0
6.7,20,13,0
17.76,56,6,1
19.69,28,18,0
30.17,41,15,1
12,19,11,1
6.75,44,10,0
16,43,13,0
24.96,32,17,1
14.13,36,12,1
7.4,33,20,0
18.1,40,13,1
7.75,51,9,0
7.67,60,8,0
15.33,34,13,0
10.05,23,12,0
9.89,29,18,0
14.26,58,10,0
11.11,37,12,1
26.39,33,18,0
28.16,34,15,0
14.97,27,16,1
7.5,29,14,0
10.4,19,12,1
16.5,51,13,1
17.5,25,11,1
25,24,17,0
17.3,24,12,1
20.85,42,18,0
6,19,11,0
9.2,27,18,0
26,61,11,1
17.5,45,14,1
8.22,24,9,1
17.94,37,10,1
12.48,26,15,0
9.33,39,9,1
13,40,14,1
6.75,22,16,0
8.03,20,11,1
21.23,37,15,1
21,47,16,0
10.81,20,14,1
14.29,34,18,1
12.92,35,15,0
17,27,12,1
10,26,14,0
23.59,45,19,0
18.25,41,12,0
25.91,35,14,0
17.72,35,13,0
33.36,45,13,1
7.31,63,11,0
10,31,16,1
28.8,33,16,1
14.59,43,18,0
12,39,13,0
27,48,15,0
6.7,57,6,0
8.9,46,12,1
18.94,53,9,1
7,17,11,1
25.6,40,16,1
17.49,37,16,1
14.96,46,12,1
9,20,14,0
14,57,12,0
15.53,24,12,0
12,34,12,0
12.93,54,10,0
18.11,41,15,1
24,40,12,1
22.39,41,17,0
13,41,17,0
14.94,48,8,0
10.38,26,20,0
16,53,17,0
12.97,56,15,1
11.82,34,16,0
21.94,46,15,1
6.7,20,13,0
8.12,16,12,1
16.46,35,9,1
4.82,23,15,1
13.44,39,12,0
26.77,34,14,1
18.24,58,8,1
20.91,41,12,0
18.77,32,13,1
7.64,17,11,1
13.75,30,11,1
8.5,34,12,0
17.47,35,14,1
20.16,38,12,0
8.74,31,12,1
8.61,55,12,0
17.42,25,18,0
22.4,35,15,0
18.64,50,12,0
25.12,44,12,1
12,59,12,0
26.11,43,16,1
7.18,17,11,1
14.96,27,13,1
14.05,58,10,1
24.9,33,16,1
21.6,42,12,1
10,25,15,0
22.22,23,9,1
7,20,14,0
30.72,40,20,1
28.86,62,10,1
18.72,26,16,1
18.72,42,18,1
12.1,32,10,1
6.7,19,13,1
38.44,20,14,1
16.59,26,20,0
9.63,46,10,0
32.47,40,17,1
22.2,48,12,0
8.6,26,18,0
18,24,15,0
18.68,27,15,1
13.56,43,13,0
26.37,58,9,1
20.16,30,12,1
14.87,43,15,0
16,38,15,0
7.2,43,15,0
7.62,21,13,0
14.4,39,12,0
8.65,17,11,0
15.04,56,13,0
32.16,40,17,0
21.76,55,18,1
8.72,32,9,0
28.8,62,15,0
13.79,24,13,1
16.8,56,8,1
11,45,11,0
7.24,21,11,0
27.14,28,17,1
7.62,21,12,1
34.23,26,18,1
23.44,28,14,1
13.01,30,9,0
18.91,53,14,1
7.08,27,16,1
6.7,17,12,1
13.3,30,13,1
6.75,18,13,0
14.4,42,13,1
7,25,14,0
14.8,36,11,1
38,34,13,1
22.93,43,16,1
40.96,52,17,1
11.94,45,11,0
11.5,31,13,0
18.57,31,13,1
12,27,17,0
16.22,26,12,1
12.86,54,12,0
12.81,35,15,0
8.99,18,10,0
6.46,17,10,0
6.25,17,11,0
25.64,35,19,1
19.19,53,13,0
6.8,20,13,1
17.9,64,9,1
48,30,18,1
22,40,16,1
26.93,57,14,0
30,48,16,0
18.64,43,10,1
8.32,50,19,0
12.84,17,11,0
19.75,48,14,0
25.79,31,11,1
17.9,42,9,1
18.75,56,12,1
29.76,51,9,1
15,28,14,0
18,46,16,1
15.75,33,17,1
11.51,19,12,1
13.7,39,20,0
10.61,39,12,0
9,33,9,0
8.33,22,19,0
7.2,25,19,0
23.04,42,20,1
13.96,27,13,1
18.74,57,5,1
7,52,12,0
7.93,19,13,0
11.17,32,14,0
18.16,38,14,1
16.84,47,15,0
20.07,43,16,1
40.32,48,16,1
6.7,20,14,0
6.85,20,13,1
33.28,39,16,1
7,31,12,0
30.7,44,14,1
27,59,16,1
15,22,18,0
10.4,45,10,0
8.04,22,16,0
13.01,39,10,0
19.76,20,15,0
16.25,34,9,1
9.12,57,12,0
12.65,57,10,1
10.7,28,15,0
14.29,52,12,0
10.56,51,8,0
3.23,30,12,0
5.54,23,18,1
10.14,24,17,1
8.57,31,13,0
22.56,32,17,1
9.5,33,12,1
8.26,22,12,1
5.77,19,14,0
16.38,42,13,0
8.53,37,13,0
12,30,14,1
10.92,26,12,1
6.78,27,12,1
21.78,38,16,0
7.51,46,8,0
18.19,50,12,0
8.7,45,12,0
20,57,13,1
9.1,50,3,0
14.5,45,10,0
8,30,12,1
12.5,42,11,1
4.03,17,10,0
17.35,32,11,0
5.8,27,8,0
16.79,34,12,0
17.01,32,13,0
3.82,17,11,1
6.7,35,14,1
23.81,45,17,1
14.4,51,8,1
13,26,15,0
21.12,43,17,0
26.27,34,18,1
21.6,50,17,1
19.2,47,10,1
7,18,12,0
15.75,35,10,1
11.52,47,10,1
7.37,28,18,1
16.66,53,11,0
18,33,12,1
10.84,36,11,1
16,44,12,0
16.5,31,12,0
3.19,18,13,0
27.97,51,17,0
9.52,43,16,1
7.24,23,12,0
13.06,22,9,1
5.7,20,15,0
18.24,40,12,1
13.49,37,10,0
21.84,20,12,0
30.22,53,11,0
10,64,9,1
22,37,17,0
20.64,41,11,1
8.75,34,11,0
12.13,31,12,1
13,58,10,1
13,33,10,1
23.81,35,17,0
7.5,25,18,1
39.84,55,19,1
6.98,21,15,0
6.66,25,17,0
17.68,34,12,1
14.35,37,12,1
15.57,30,13,1
6.7,22,10,0
18,34,13,0
10.7,45,11,0
6.36,23,14,1
11,57,10,1
13.44,22,11,0
6.7,18,11,0
23.04,39,17,1
29.28,46,16,0
12,41,13,1
16.16,39,10,1
16.96,28,19,0
11,27,13,0
25.34,31,16,1
22.68,41,14,1
14.44,38,17,0
21.6,40,10,1
16.9,47,12,0
12.5,23,11,1
7.46,54,9,1
11.17,31,15,1
6.48,17,11,1
10.93,44,14,1
31.1,36,10,1
23.04,55,12,1
20.84,39,13,0
23.04,31,13,1
17.9,45,13,1
16,26,10,1
12,51,15,1
9.5,22,12,0
9.37,22,15,0
8.9,32,9,1
31.04,47,14,1
19.55,27,14,1
22.22,47,15,0
14.66,30,12,1
35.96,48,20,1
6.75,18,12,0
7.39,20,15,0
7.65,32,11,0
10,26,14,1
16.2,27,9,1
14.77,39,14,1
18.87,46,14,0
19.12,46,14,0
5,16,10,1
16.3,30,16,1
12.38,32,12,0
22.68,45,15,1
13.75,48,10,1
28.32,46,17,0
9.33,25,12,0
20.16,25,20,1
29.84,28,14,1
6.7,38,16,0
10.56,34,13,1
29.28,50,18,0
6.75,56,13,0
18.92,51,12,1
12.3,40,20,1
8.5,36,12,0
10,20,9,1
5.8,35,14,0
18.54,38,12,1
11.9,34,15,1
10.25,36,11,0
17,52,9,1
25.44,35,10,1
48.29,46,15,1
8.79,42,12,0
13.44,64,12,0
15.66,54,8,1
7,31,12,0
9.73,49,14,0
16,32,12,1
17.62,33,12,1
37.88,36,19,1
15.79,26,17,1
39.21,37,12,1
23.07,39,13,1
15,22,14,0
8.06,23,9,0
12.29,31,13,0
7,54,14,0
24.69,31,18,0
14.97,26,15,0
10.36,44,14,0
4.63,24,14,0
17.76,56,13,1
7,23,12,0
15,32,12,1
16.8,37,14,1
15.77,27,12,1
6.7,19,12,0
7.1,28,12,0
7,25,12,1
23.2,26,20,1
19.84,44,13,1
4.96,21,16,0
10.56,32,15,1
18.25,28,17,0
17.92,28,17,0
23.06,23,19,0
24,48,14,0
6.74,18,12,0
24.69,35,12,0
32.64,52,14,1
12.9,42,14,0
6.95,32,12,1
13,22,11,1
14,40,11,1
6.75,17,11,0
9,43,8,1
22.19,32,16,1
19.58,38,13,1
7,32,11,1
14.5,31,16,0
22.02,34,13,0
10.11,37,15,0
6.7,17,11,0
20.8,43,12,1
18.56,36,13,0
12,29,11,1
21.3,31,10,0
10.18,28,12,0
5.8,33,14,1
7.63,17,11,0
10.12,32,12,0
24.48,31,19,1
11.64,20,14,0
31.99,34,16,1
9,21,14,1
11.04,31,14,1
11.59,26,13,1
6.85,49,8,0
19.93,61,11,1
7.83,20,13,1
8.55,54,8,1
16.79,33,10,0
10,33,14,0
11,56,12,0
16.22,46,15,0
8,23,15,0
13.73,41,19,0
18.46,50,19,1
24,36,18,1
25.95,55,11,1
31.23,35,17,0
9.41,21,13,0
6.5,30,15,0
7.47,32,10,0
10.16,35,15,0
40.05,50,20,0
40,38,14,0
26.4,48,15,0
10,17,11,1
8.26,18,11,1
24.44,37,13,1
30.08,51,13,0
3.84,20,12,1
7.5,59,13,0
10.78,46,11,1
22.98,36,15,0
14.21,38,18,0
9.75,28,13,1
9,23,15,1
15.52,25,17,1
7.07,18,10,0
10.75,36,13,0
9,21,16,1
6.7,19,13,0
12.96,40,12,0
17.6,38,17,1
17.41,35,13,0
13.6,31,11,1
16.95,29,18,0
25.92,53,14,0
14.13,52,13,0
10.63,23,17,0
6.21,33,13,1
8,38,15,0
11,25,13,1
13,29,16,1
45.12,53,8,1
6,60,9,0
13.13,48,11,1
14,64,8,1
6.13,33,12,0
6.8,19,12,0
5,35,15,0
36.25,57,8,0
12.8,34,12,0
17,30,12,1
22.7,43,12,1
24,31,17,1
13.75,43,16,1
16.78,45,13,1
17,33,13,0
12.55,37,13,1
19.2,38,9,1
10.24,29,14,0
6.7,19,12,0
27.67,47,13,0
13.68,28,12,1
23,64,17,0
17.95,24,15,0
28.8,38,16,0
8,51,12,0
8.2,31,15,1
33.18,54,20,1
12.1,36,14,0
14.77,34,17,0
14,36,12,0
15.36,40,14,0
32.16,40,18,1
7.55,48,10,0
13.18,41,11,0
9.85,35,12,1
18.41,28,16,1
30.32,56,12,1
14,24,12,1
7,16,11,1
6.7,16,10,0
10,35,10,1
20.01,51,13,1
10.34,41,13,0
13.06,38,13,0
33.59,53,15,0
12.82,35,12,0
33.6,60,13,1
8.4,24,12,0
17.64,36,12,1
7,47,8,1
30.72,42,15,1
18.94,36,13,0
13.96,40,13,1
15,31,14,1
23,57,6,1
13,48,12,0
24,54,6,1
16,48,10,1
8.54,29,12,0
38.4,39,15,1
12.8,58,14,0
35.66,48,20,1
6.71,28,13,1
12.8,46,11,0
7.95,33,12,0
12,51,13,0
19.95,28,16,1
29.9,45,14,1
10.5,63,8,1
40.96,54,17,1
7,25,12,0
15,38,12,1
15,39,12,0
22.02,61,12,1
6.75,45,15,0
10.24,53,13,0
9.82,18,12,1
7.1,17,11,0
17.89,25,14,0
17.5,45,10,1
9.25,47,10,0
9.92,36,14,0
14.41,45,12,0
12,23,16,0
9.75,60,8,1
14.29,41,15,1
11.06,32,12,0
9,20,13,0
8.42,58,12,0
49.92,41,20,0
14.83,46,15,1
9,44,17,1
24,33,14,1
12.07,29,12,0
7,18,13,1
7.03,43,10,0
20.83,32,15,0
22.21,40,13,1
21.6,49,13,0
10.45,59,14,0
25.75,31,12,1
25.72,57,8,1
11.52,53,9,0
24.96,42,12,1
21.57,41,9,1
7.13,46,12,0
6.75,18,12,1
13.82,53,10,0
17.76,42,12,0
8.32,42,13,1
10.2,26,11,1
10.25,63,12,0
19.64,43,17,1
20.16,51,16,1
11.94,34,14,0
7.79,20,12,0
7,17,11,0
9.12,30,13,1
12.03,26,15,0
19.2,30,19,1
3.84,32,13,1
10.22,29,12,1
9.81,24,12,1
24,48,12,1
3.75,16,10,1
19.68,38,12,1
6.7,53,8,0
18.12,35,15,0
18.33,29,14,0
7.94,24,13,1
18.07,48,13,1
16.16,32,17,0
16.9,42,14,0
8,57,17,0
17.4,31,10,0
13,31,11,1
12.84,26,12,0
33.6,53,11,1
17.75,34,18,1
7.1,19,9,1
20.64,32,13,1
28.8,53,14,1
12.57,30,15,0
18.79,52,14,0
9.16,42,6,1
8.01,20,14,0
15.25,34,12,1
13.65,30,19,0
10,22,12,0
12,25,14,0
15.73,39,18,1
6.35,19,13,0
15,54,13,1
8.96,23,12,1
12.51,26,13,0
13.28,33,12,0
8,54,15,0
9.49,55,9,0
41.28,36,14,1
27.43,59,14,0
8.33,34,15,1
18.16,40,10,0
24,36,16,0
6.97,27,15,0
15.36,41,12,0
16.32,58,10,0
10.56,39,12,1
12.21,54,12,0
9.97,27,15,1
10.95,26,12,1
6.25,60,10,0
6.4,18,10,0
30.49,52,16,1
24,42,12,1
17,60,9,1
10.85,38,13,0
7,34,17,0
20,51,16,1
16.67,39,18,1
3.84,28,14,0
25.48,56,13,0
9.85,30,12,0
21.6,36,15,1
21.99,55,16,0
9.61,31,17,1
10.56,21,11,1
19.2,56,17,1
18.75,27,15,1
19,36,13,0
22.56,50,20,0
22.08,30,12,1
21.56,32,19,1
12.5,45,15,0
14.4,25,13,1
7.5,20,13,1
18.03,31,15,0
6.31,19,14,1
16.3,39,12,1
16.46,51,11,0
6.82,29,16,0
7.3,18,11,1
12.15,35,14,1
8.75,17,11,0
7.2,28,14,0
11.2,32,16,1
12.91,54,9,1
18.26,29,14,1
14,23,12,1
31.8,41,17,1
17.28,52,10,1
11.6,32,12,0
10,58,10,0
23.76,50,14,1
19,41,11,0
5.13,16,10,0
17.76,35,14,0
7.5,35,0,0
25.6,46,15,1
13.95,24,14,0
32.16,38,12,1
7.85,57,9,0
7.77,26,12,0
24.74,32,19,0
12.48,28,13,1
25.51,37,16,0
28.76,59,13,1
19.08,33,16,1
9.4,51,10,0
10,29,14,0
23.04,31,16,0
21.33,36,20,0
14.47,39,12,1
10.58,58,9,0
13.59,29,12,0
18.24,41,13,0
20.95,57,9,0
7.5,31,12,1
11.4,37,8,0
24.96,37,20,0
4.95,31,14,1
32.91,52,17,0
20,36,12,1
15.42,39,12,1
18.46,57,8,1
15.79,38,19,1
30.72,45,17,1
21.13,39,15,0
10,21,12,1
18.65,42,17,1
22.75,28,14,1
27.03,32,14,1
7.4,22,14,1
22.56,44,17,0
16.05,26,10,1
12.46,36,12,1
7,32,12,1
15,54,12,1
7.64,31,11,1
16,41,12,1
19.9,41,17,1
17.28,61,12,1
29.67,32,17,1
6.67,23,16,0
21.33,34,13,1
40,42,19,0
13.23,47,8,0
17.42,41,12,0
10.75,32,12,1
14.84,49,10,1
28.8,59,12,1
15.12,28,15,0
11.97,27,14,1
35.12,51,12,1
9.74,35,13,0
7,18,12,0
17.38,31,13,1
19.86,63,12,1
16.69,50,15,1
12,38,13,0
10,31,14,0
11.52,29,12,0
20.5,39,17,0
11,50,11,1
17.44,58,5,1
19,39,14,1
18.21,46,10,0
11.85,47,11,0
18.92,36,13,1
16.67,51,8,1
24,40,16,1
16.53,45,12,0
21.6,31,18,0
16,32,16,0
6.35,18,13,1
13.75,40,17,0
11.52,23,4,0
13,38,11,1
15,33,13,1
18.24,36,20,1
11.64,54,20,1
7.78,33,14,1
12.29,36,9,0
15.71,49,15,0
7.87,35,2,0
37.89,46,17,1
15.84,29,20,1
32.16,62,18,0
22.66,26,16,1
6.83,18,12,0
6.5,21,12,0
24.32,21,16,1
7,23,16,0
25.92,53,20,1
13.25,46,11,1
19,54,9,0
9.1,19,12,1
18.24,63,14,1
7,57,12,0
19.11,38,13,1
6.7,17,11,1
21.06,59,15,0
9,38,10,0
6.7,30,8,0
11.21,26,17,0
25.77,34,12,0
7.6,24,13,1
40.32,49,18,1
10,44,8,0
27.31,44,17,1
27.84,45,12,1
7.21,17,11,1
21.5,53,14,0
24.96,31,17,0
40.35,36,11,0
6.75,18,12,0
6.41,39,15,0
25.6,41,13,1
22.8,39,12,1
16.25,35,9,1
23.52,32,12,1
21.75,34,13,0
9.03,29,16,0
15.75,31,15,1
6.85,18,12,0
9.86,22,15,0
6.75,16,10,1
14.21,54,10,0
17.33,55,15,0
32.91,47,18,1
26.72,46,18,0
17.21,25,17,1
7.06,40,13,0
7.45,35,14,0
20.64,44,14,0
10.85,44,10,0
16.78,35,14,1
11.9,36,12,0
9.58,38,18,1
17.6,41,13,0
22.57,57,15,1
29.22,40,16,1
22.59,29,15,0
20.16,39,20,1
17.48,48,10,1
13.44,38,10,0
12.8,27,12,0
24,46,10,1
23.04,50,10,0
17.97,29,16,0
19.68,43,11,1
23.16,32,14,0
6.76,20,12,1
17,40,12,0
11.5,30,11,0
7.16,18,7,1
3.26,37,11,1
6.35,18,12,0
15.36,64,11,1
13.06,38,12,1
16.48,33,12,1
21.72,29,16,0
28.8,48,13,1
32.64,37,18,1
19.18,48,9,1
15.36,41,12,0
13.31,39,12,0
18.52,25,14,1
22.56,31,12,1
11.97,29,5,1
12,32,10,0
16.25,57,14,0
24.59,41,14,0
26.88,47,19,1
14,31,14,0
9,48,14,1
38.4,37,19,1
16.58,41,12,1
7.01,45,4,0
8.62,19,13,0
18.9,50,16,0
9,31,14,0
10.72,42,10,0
7,39,9,0
14.84,45,12,0
6.8,17,11,0
24.81,52,12,1
16.8,52,10,1
12,28,12,1
10,21,15,0
19.58,24,16,1
18.02,34,14,0
8.41,58,11,1
26.82,36,12,0
40.32,42,14,1
21.6,42,13,1
10.88,25,13,1
26.88,42,12,1
14.07,50,15,0
7.44,34,9,1
28.8,58,10,1
19.75,33,19,1
6.65,20,15,1
24.4,48,10,1
10.25,35,12,0
15.43,38,17,0
18.41,33,15,1
13.7,39,15,0
6.76,40,12,0
10.45,31,13,0
5.92,55,10,0
16,46,15,0
27.92,34,19,0
35.09,51,4,1
9.55,30,15,0
10.95,46,15,0
17.66,50,14,0
9.69,49,8,0
10.3,42,10,1
15.05,33,15,0
13.38,45,12,0
7.23,25,15,0
10.59,29,12,0
16.42,34,15,1
20,35,16,0
14.34,32,14,0
16.68,47,12,1
14.8,32,9,1
16.73,40,12,0
23.04,30,13,1
15,38,13,1
17,31,10,1
9.94,30,12,0
8.01,18,11,0
14.45,27,12,1
6.35,19,14,0
16,22,13,1
6.7,21,14,1
6.35,22,15,1
19.2,34,12,1
6.48,56,10,0
14.85,55,8,0
10,54,8,0
24.33,37,15,1
34.56,51,19,0
15.36,34,13,1
9.9,46,14,0
24,60,11,1
15.91,29,15,0
40.43,34,9,1
20,49,13,1
23,45,14,1
14.4,32,10,1
17.5,48,4,1
10.28,31,12,0
28.66,50,17,1
17.98,34,17,1
26.4,48,12,1
6.78,18,12,0
13.75,35,13,0
9.04,51,14,0
11,52,11,0
16,27,9,1
9.89,47,9,1
14.03,39,8,1
10.5,25,14,1
9.5,39,10,1
6.25,20,12,0
13.91,31,18,0
22.17,24,16,0
22.08,38,20,1
15,34,13,1
6.85,20,12,0
14.65,37,12,0
8.09,22,14,0
38.4,36,17,1
11,57,8,1
9.95,55,12,0
17.44,30,12,1
12,21,14,1
9.21,17,10,1
15.79,52,10,1
16,47,10,0
7.24,28,19,0
13.82,40,11,0
7.62,24,15,1
7.99,19,12,0
18.24,51,11,1
6.94,23,17,0
16.76,37,19,1
25.44,41,11,1
22.86,35,10,1
6.35,17,10,0
6.75,21,12,1
12,19,13,0
23.04,46,18,1
11.68,60,8,1
10.5,62,9,1
9.91,39,15,0
10.36,43,12,0
18,44,13,1
17.84,46,8,1
22.5,62,15,0
19.1,30,16,1
10.45,45,19,0
6.76,16,10,0
24.77,53,16,1
12.5,35,11,0
15.36,52,15,0
11.55,51,10,0
12.78,34,15,0
18.24,46,13,1
21.6,57,12,1
23.62,58,18,0
10.35,51,17,0
18.39,56,9,1
6.25,17,11,0
7,16,11,1
26.4,49,10,1
24.05,31,14,1
6.25,17,11,0
6.25,44,9,0
14,37,18,1
11.67,27,14,0
9.42,49,12,0
9.94,27,15,0
8.37,23,17,0
9,20,14,1
2.3,44,12,0
6.15,19,12,0
12.11,62,8,1
8.14,28,8,1
18.92,49,17,1
22.99,51,12,0
10.97,27,13,0
18.92,38,11,1
14,46,14,0
19.25,62,12,0
9.5,45,12,0
7.06,23,15,1
15.28,30,12,0
13.45,29,14,1
6.75,61,11,0
30.88,62,12,1
24,53,12,1
17.26,28,12,1
11,36,14,1
28.16,51,14,0
16.94,41,12,0
23.16,44,17,1
10,30,10,0
28.8,51,14,1
11.52,54,12,0
11.11,41,11,1
28.16,52,19,0
9.76,29,14,0
26.88,34,12,1
19.5,45,14,1
19.4,37,17,1
32.91,35,14,1
6.34,16,3,0
12.85,52,12,0
6,16,11,0
39.5,48,20,1
22,28,16,0
18.25,37,15,1
21.6,39,12,1
11.5,59,8,1
19,53,14,1
6,20,15,1
23,36,12,1
20.87,28,18,1
18.72,27,17,1
13.71,44,17,0
31.2,48,18,1
7.25,50,15,1
16.18,53,12,0
7.85,25,13,0
9.38,46,14,0
27.74,55,12,0
23.72,50,9,1
8.91,35,10,0
19.2,28,18,1
23.1,34,18,1
6.71,65,12,0
22.08,40,20,0
27.8,30,9,0
15.34,31,12,1
19.2,42,20,0
18,46,8,1
13.75,34,15,1
28.54,26,17,1
9.25,25,9,1
29.76,37,12,1
14,49,15,1
8.5,28,13,0
20.67,29,19,0
15.36,37,12,0
18.24,31,15,0
22.77,32,18,0
7.53,31,12,0
13.5,30,17,1
6,16,10,1
17.8,30,12,1
17.46,45,9,1
19,48,10,1
21.5,53,7,1
9.72,30,15,0
12,33,13,1
14.96,28,16,0
19.7,23,12,0
23.55,48,13,1
18.92,48,10,1
15,25,15,0
16.85,61,10,0
13.59,48,13,0
8.6,60,16,0
17.14,28,14,1
26.78,42,15,1
21.6,47,12,1
6.98,19,12,0
18.92,57,10,1
11,22,17,1
16,43,13,0
22.81,45,8,1
20.4,38,11,1
25,32,15,0
23.96,36,14,1
22.23,41,16,0
20.87,42,13,1
8.7,22,16,1
32,47,11,1
32.52,42,18,1
10.85,32,15,0
12.5,60,13,0
9.43,21,11,1
16,57,11,0
11,36,12,1
20.24,38,14,1
23.97,55,12,1
8.5,42,12,0
13.73,23,12,1
16.46,54,16,0
3.35,37,7,1
17.76,27,15,1
16.12,33,12,1
27.8,34,12,0
7.12,35,12,0
10.71,52,10,1
30,52,11,0
6.85,31,15,0
19.68,42,16,1
14.4,31,12,0
14.88,40,13,0
6.55,18,12,0
14.4,59,10,1
14.15,25,12,1
15,40,19,0
12.5,31,8,0
9.63,18,12,1
14.71,47,10,0
16.72,36,14,0
9.5,59,12,0
26.48,33,15,1
29.57,48,18,1
25.74,34,13,1
14,38,17,0
3.31,34,9,0
22.19,45,12,1
10.28,29,13,0
4.8,18,13,1
19,48,15,0
18.24,40,14,0
16.7,41,16,1
27.56,40,14,0
6.77,46,10,0
18.76,31,18,0
9.56,24,17,0
10,21,12,1
15,64,13,0
7.85,47,9,0
18.21,30,19,0
25.92,48,18,1
8,30,8,1
6.83,41,14,1
6.7,20,13,0
11.2,48,8,1
19.76,32,14,0
10.56,24,16,1
7.88,20,13,0
10.4,31,12,1
7.5,46,15,0
14.25,31,11,1
17.9,42,14,1
12,47,13,0
17.81,25,13,0
8.57,18,13,0
26.11,39,17,0
19.91,48,12,0
13.26,52,12,0
15.65,49,14,1
18.24,46,10,0
24.96,44,18,0
6.59,19,13,0
10,45,13,0
14.28,39,12,1
16.8,32,11,1
11.68,30,12,0
16,26,16,0
17.9,27,16,1
9.66,45,10,1
23.04,38,18,0
13.59,29,14,0
6.5,19,13,0
10.85,37,12,0
18.24,31,12,1
38,46,17,1
7,18,12,0
6.03,22,14,1
15.81,40,10,0
32.6,38,20,1
15.87,45,10,0
21.53,38,10,1
28.8,42,12,1
12.29,28,17,0
6.79,19,14,0
9.9,50,13,0
17.92,32,17,0
14.03,59,20,1
8.63,24,17,1
6.5,16,9,1
5,16,11,1
9,28,13,1
9.74,24,16,0
35.84,49,20,0
12,65,6,1
6.83,27,13,0
18.39,51,12,1
10.85,25,19,0
3.64,33,13,0
16.32,42,13,1
19,53,14,0
12,48,10,0
6.5,22,12,0
7.61,30,14,0
12.13,51,12,0
6.63,22,13,0
19.2,44,17,1
13.68,49,11,0
21.6,29,16,1
6.81,18,13,1
15,53,4,1
11.77,55,14,0
12,53,12,0
6.7,20,15,0
12.8,27,12,0
28.73,36,15,1
8.33,22,11,1
10.37,39,15,1
31.2,52,10,1
9.85,21,14,0
20.21,33,15,1
6.91,48,11,0
6.7,19,12,1
19.2,28,19,0
28.8,54,16,0
31.33,53,20,1
14.8,42,15,0
18.5,24,15,0
8.05,41,12,0
12.84,20,9,0
21.12,45,17,0
19.97,53,9,1
6,17,10,1
11,26,12,0
13.75,28,17,0
22.9,28,11,1
29.27,38,11,0
20.09,36,12,1
15.52,44,16,0
19.04,36,13,0
18.33,30,18,1
13.92,23,16,1
19.2,39,12,0
11.29,38,10,0
8.33,42,14,0
14,37,10,1
13.71,39,12,0
12.78,33,11,1
18.92,53,13,1
11.06,29,10,1
15.84,25,17,0
11.44,22,17,1
29.6,32,14,1
10,45,20,1
6.87,20,12,1
13.21,28,16,1
17.01,44,12,0
19.2,30,19,0
7.93,30,12,0
12,26,15,1
14.4,62,17,0
18.58,34,16,1
21.12,46,14,1
17.77,31,15,0
13.41,33,13,0
10,34,13,0
11.5,21,11,1
7,17,12,0
10.3,58,10,1
14.59,51,13,0
28.8,54,14,0
8,20,16,0
13.13,32,19,1
6.9,21,15,1
27.14,47,18,1
6.7,24,17,0
20,42,12,0
7.92,28,16,1
6.72,18,10,1
30.38,41,12,1
13.28,54,12,0
4.89,40,12,1
6.6,22,16,0
32.64,65,12,1
14.83,40,12,0
6.5,24,19,0
19,35,12,1
18.92,54,11,1
11.5,33,15,0
11.6,49,12,0
24,32,17,0
25.79,41,19,0
21.44,49,13,1
21.93,51,17,1
7.79,18,13,0
6.7,22,16,0
17.76,42,15,1
12.5,59,11,0
16.8,39,12,1
15.93,34,9,0
7,21,15,0
17.07,32,12,1
8.12,25,18,0
9.45,23,13,1
28.53,41,16,1
9.33,41,14,0
30.66,57,7,0
7.03,25,12,1
12,47,12,1
28.64,51,20,0
9,34,14,0
7.35,52,10,0
17.21,26,16,0
7.52,31,15,0
8.5,31,12,0
8,25,6,1
10.81,46,12,1
7.6,57,9,0
27.79,57,13,0
3.83,17,11,1
6.89,40,16,0
20,37,14,1
27.79,35,18,0
17.85,44,13,1
7,30,12,0
19,40,10,1
20.3,26,18,1
13.79,25,14,1
8.3,24,15,1
14.74,34,13,0
8,25,14,1
19.46,35,12,1
18.35,41,13,0
18.42,27,19,0
7,22,15,1
7,48,15,0
7.48,38,12,0
18,29,15,1
27.9,53,15,1
6.7,18,13,1
14,29,14,0
23.04,56,15,0
10,61,8,1
10,40,15,0
6.57,28,13,0
